respondent_id,age_group,gender,college_year,monthly_budget_range,avg_monthly_budget,income_source,primary_upi_app,perceives_upi_risky,upi_usage_reason,weekly_tx_range,avg_weekly_tx,pct_unplanned,pct_unplanned_avg,balance_check_habit,tracks_expenses,ran_out_of_money,flag_morning,flag_afternoon,flag_evening,flag_latenight,flag_postmidnight,trigger_boredom,trigger_fomo,trigger_latenight,trigger_cashback,trigger_stress_relief,trigger_scarcity_notif,trigger_cart_abandon,trigger_exam_season,regret_frequency,cat_food_delivery,cat_grocery,cat_online_shopping,cat_subscriptions,cat_gaming,cat_gadgets,cat_offline_cafe,cat_other,post_regret_action,hidden_purchase,regret_intensity,high_regret,regret_description,impulse_composite_score,cluster,cluster_name
1000,22-25,Male,Ug,Rs6000+,18000.0,100% Parents Money,PhonePe,1,Comfort,15+,36.0,20-40%,30,0,0,3,0,0,0,1,0,1,1,1,2,1,1,1,3,1,0,0,0,0,1,0,0,0,Accept it or move on,0,3,0,Marrow course ,1.375,2.0,Controlled Spenders
1001,18-21,Male,Ug,Rs1000 - Rs3000,3500.0,100% Parents Money,PhonePe,1,Comfort,15+,40.0,20-40%,30,3,0,2,0,0,1,0,0,1,1,3,1,1,1,1,1,0,1,0,0,0,0,0,0,0,Accept it or move on,0,3,0,,1.25,0.0,Routine Evening Spenders
1002,18-21,Male,Ug,Rs1000 - Rs3000,2000.0,100% Parents Money,PhonePe,1,Comfort,15+,21.0,40-60%,50,2,1,1,0,0,0,1,0,1,1,1,1,1,1,1,1,0,0,1,0,0,0,0,0,0,Accept it or move on,1,1,0,,1.0,2.0,Controlled Spenders
1003,18-21,Male,Ug,Rs3000 - Rs6000,4500.0,100% Parents Money,Google Pay (GPay),1,Comfort,15+,18.0,60-80%,70,2,0,1,0,0,0,1,1,1,2,1,1,1,1,1,4,1,1,0,0,0,0,0,0,0,Accept it or move on,1,1,0,,1.5,1.0,High Impulsive Spenders
1004,Under 18,Female,Ug,Rs3000 - Rs6000,4500.0,100% Parents Money,PhonePe,1,Comfort,8-15,12.0,20-40%,30,2,1,2,0,0,1,0,0,1,2,1,1,3,1,1,1,0,0,0,0,0,0,0,1,0,Accept it or move on,0,2,0,,1.375,0.0,Routine Evening Spenders
1005,Under 18,Male,Ug,Rs1000 - Rs3000,2500.0,100% Parents Money,Google Pay (GPay),1,Comfort,4-7,5.0,20-40%,30,2,1,2,1,0,0,1,0,1,2,1,1,2,1,1,1,2,0,0,0,0,0,0,1,0,Accept it or move on,0,3,0,,1.25,2.0,Controlled Spenders
1006,18-21,Female,Ug,< Rs1000,750.0,100% Parents Money,PhonePe,1,Convenience,1-3,3.0,20-40%,30,2,0,0,0,0,1,0,0,1,1,1,1,2,1,1,1,0,0,0,0,0,0,0,1,1,Accept it or move on,0,1,0,,1.125,0.0,Routine Evening Spenders
1007,18-21,Male,Ug,Rs1000 - Rs3000,2500.0,100% Parents Money,Google Pay (GPay),1,Safety,4-7,7.0,40-60%,50,2,1,1,0,0,0,1,0,1,1,3,1,1,1,1,3,1,0,1,0,0,0,0,0,0,Accept it or move on,0,3,0,,1.5,2.0,Controlled Spenders
1008,18-21,Male,Ug,< Rs1000,1200.0,100% Parents Money,Paytm,0,Safety,4-7,8.0,20-40%,30,2,2,1,0,0,1,0,0,1,1,1,1,1,1,1,1,1,1,1,1,1,1,1,0,0,Accept it or move on,2,2,0,,1.0,0.0,Routine Evening Spenders
1009,18-21,Female,Ug,Rs3000 - Rs6000,4500.0,100% Parents Money,Bhim UPI,1,Comfort,8-15,12.0,20-40%,30,1,1,1,0,0,1,1,0,1,1,1,2,2,1,1,1,1,0,1,0,0,0,0,1,0,Accept it or move on,2,7,1,,1.25,0.0,Routine Evening Spenders
1010,18-21,Male,Ug,Rs3000 - Rs6000,4500.0,100% Parents Money,PhonePe,1,Comfort,15+,18.0,40-60%,50,2,1,2,0,0,1,0,0,1,2,1,1,1,1,1,1,1,0,0,0,1,0,0,0,0,See my expense and feel worse,2,2,0,,1.125,0.0,Routine Evening Spenders
1011,18-21,Male,Ug,Rs3000 - Rs6000,3500.0,100% Parents Money,PhonePe,1,Comfort,4-7,7.0,60-80%,70,0,0,0,0,0,1,0,0,2,2,2,1,2,2,2,2,0,1,0,0,1,0,0,0,0,Return it,0,8,1,,1.875,0.0,Routine Evening Spenders
2000,25+ (Senior citizen of college life),Male,Pg,< Rs1000,750.0,Mix of parents + I earn something on the side,Google Pay (GPay),1,Merchant preference,4-7,5.0,<20%,10,3,2,3,1,1,1,1,1,3,3,3,3,3,3,3,3,0,1,1,1,1,1,1,1,0,Accept it or move on,2,10,1,,3.0,1.0,High Impulsive Spenders
2001,22-25,Male,Pg,Rs1000 - Rs3000,2000.0,100% Parents Money,Google Pay (GPay),1,Convenience,4-7,5.0,<20%,10,1,1,1,0,0,1,0,0,2,2,2,2,2,2,2,2,0,0,0,1,0,0,0,0,0,Accept it or move on,2,3,0,,2.0,0.0,Routine Evening Spenders
2002,25+ (Senior citizen of college life),Female,Pg,Rs6000+,25000.0,Mix of parents + I earn something on the side,Google Pay (GPay),0,Comfort,15+,30.0,<20%,10,3,2,0,0,1,0,0,0,1,1,1,1,1,1,1,1,0,0,0,0,0,0,0,0,1,Accept it or move on,0,1,0,,1.0,2.0,Controlled Spenders
2003,18-21,Female,Ug,Rs1000 - Rs3000,2000.0,100% Parents Money,Google Pay (GPay),1,Merchant preference,1-3,1.0,40-60%,50,2,0,1,1,1,0,0,0,2,3,3,3,3,3,2,2,1,0,1,1,0,0,1,0,0,Accept it or move on,0,6,1,,2.625,2.0,Controlled Spenders
2004,22-25,Female,Pg,Rs1000 - Rs3000,2000.0,100% Parents Money,Google Pay (GPay),1,Comfort,8-15,12.0,<20%,10,2,1,2,0,1,1,0,0,2,3,1,2,1,2,1,1,2,0,0,0,0,0,0,0,1,See my expense and feel worse,2,7,1,,1.625,0.0,Routine Evening Spenders
2005,18-21,Male,Ug,Rs3000 - Rs6000,4500.0,100% Parents Money,Bhim UPI,1,Comfort,8-15,12.0,40-60%,50,2,1,2,0,0,1,1,0,1,2,2,4,4,2,1,1,1,0,0,0,1,0,0,1,0,Accept it or move on,2,3,0,,2.125,0.0,Routine Evening Spenders
2006,22-25,Female,Pg,Rs1000 - Rs3000,2000.0,100% Parents Money,Google Pay (GPay),1,Comfort,8-15,15.0,40-60%,50,1,2,0,0,1,1,0,0,1,1,1,4,1,1,1,4,1,0,0,0,0,0,0,1,0,Accept it or move on,2,5,0,"I got myself an aloo paratha. I was feeling kinda hungry and wanted something good to eat that was filling and also tasty. That was why i decide to get the aloo paratha, because it was tasty and pretty filling.",1.75,0.0,Routine Evening Spenders
2007,25+ (Senior citizen of college life),Male,Pg,Rs6000+,7000.0,I run a side hustle / freelance / small business,Google Pay (GPay),0,Comfort,8-15,12.0,40-60%,50,1,0,1,0,0,1,0,0,4,3,3,4,4,4,4,4,0,1,0,0,1,0,1,0,0,Accept it or move on,0,1,0,,3.75,0.0,Routine Evening Spenders
2008,22-25,Male,Pg,Rs6000+,45000.0,100% Parents Money,PhonePe,1,Comfort,15+,30.0,20-40%,30,2,0,2,0,0,1,0,0,1,1,1,1,1,1,1,1,1,1,1,0,0,0,0,0,0,Accept it or move on,0,3,0,,1.0,0.0,Routine Evening Spenders
2009,18-21,Female,Ug,< Rs1000,1000.0,100% Parents Money,Google Pay (GPay),1,Merchant preference,1-3,2.0,<20%,10,3,1,1,1,0,0,0,0,3,3,3,3,3,3,3,3,0,1,0,0,0,0,0,0,0,Accept it or move on,0,5,0,,3.0,2.0,Controlled Spenders
2010,22-25,Female,Ug,Rs1000 - Rs3000,2000.0,100% Parents Money,Google Pay (GPay),1,Comfort,4-7,5.0,40-60%,50,3,1,3,0,0,1,1,1,1,1,3,3,4,2,1,2,1,0,0,1,0,0,0,0,0,See my expense and feel worse,1,8,1,"Bought a pair of earrings from online, the delivery product was damaged with no return or exchange options, it was a sad day. I was super excited when buying it as I really liked the product and it was right in my budget so I made the purchase almost immediately. ",2.125,1.0,High Impulsive Spenders
2011,25+ (Senior citizen of college life),Male,Ug,Rs6000+,7000.0,I run a side hustle / freelance / small business,Amazon Pay,1,Safety,8-15,4.0,40-60%,50,2,2,1,1,0,0,0,0,5,4,3,4,3,3,4,4,1,0,1,0,1,1,0,0,0,Tell to friend,0,7,1,,3.75,2.0,Controlled Spenders
2012,22-25,Male,Pg,Rs1000 - Rs3000,2000.0,100% Parents Money,Google Pay (GPay),1,Comfort,8-15,12.0,40-60%,50,0,1,2,0,0,0,1,0,5,5,5,3,2,2,4,2,2,1,1,0,1,0,0,0,0,Tell to friend,0,5,0,,3.5,2.0,Controlled Spenders
2013,18-21,Female,Pg,Rs1000 - Rs3000,2000.0,100% Parents Money,PhonePe,0,Safety,4-7,5.0,20-40%,30,2,1,2,0,0,0,1,0,3,3,4,3,4,3,3,3,2,0,0,1,0,0,0,0,0,Return it,0,5,0,,3.25,2.0,Controlled Spenders
2014,22-25,Male,Pg,Rs1000 - Rs3000,2250.0,100% Parents Money,PhonePe,1,Comfort,4-7,5.0,20-40%,30,0,2,2,0,1,0,0,0,1,2,1,2,1,3,3,2,0,0,0,1,0,0,0,0,0,Accept it or move on,2,5,0,,1.875,2.0,Controlled Spenders
2015,18-21,Female,Ug,Rs1000 - Rs3000,2250.0,100% Parents Money,Google Pay (GPay),1,Merchant preference,4-7,5.0,20-40%,30,2,2,2,0,0,0,1,0,1,1,1,3,1,1,1,1,2,0,0,0,0,0,1,0,0,Accept it or move on,2,5,0,,1.25,2.0,Controlled Spenders
2016,18-21,Female,Ug,< Rs1000,750.0,100% Parents Money,PhonePe,0,Merchant preference,1-3,2.0,<20%,10,3,0,0,0,1,0,0,0,3,3,1,1,5,1,1,1,0,0,0,0,0,0,0,0,1,Accept it or move on,0,1,0,,2.0,2.0,Controlled Spenders
2017,Under 18,Female,Ug,Rs1000 - Rs3000,2000.0,100% Parents Money,PhonePe,1,Convenience,1-3,2.0,40-60%,50,3,1,2,0,0,1,0,0,1,1,1,2,2,1,1,1,1,0,1,0,0,0,0,0,0,Accept it or move on,0,8,1,"I bought a cancan skirt , I needed it but it wasn't so comfortable.",1.25,0.0,Routine Evening Spenders
2018,18-21,Female,Ug,Rs3000 - Rs6000,4500.0,100% Parents Money,PhonePe,1,Safety,15+,18.0,40-60%,50,2,1,2,0,1,0,0,0,1,3,1,1,1,1,1,3,2,1,1,1,0,0,0,0,0,See my expense and feel worse,0,7,1,,1.5,2.0,Controlled Spenders
2019,18-21,Female,Ug,Rs1000 - Rs3000,500.0,100% Parents Money,Google Pay (GPay),0,Convenience,1-3,2.0,20-40%,30,3,0,1,1,0,0,0,0,1,1,1,1,1,1,1,1,0,0,0,0,0,0,0,0,1,Buy Something else to feel better,0,1,0,,1.0,2.0,Controlled Spenders
2020,18-21,Female,Ug,Rs1000 - Rs3000,2000.0,I have an internship / part-time job,Paytm,1,Safety,4-7,5.0,20-40%,30,2,2,3,1,0,0,0,0,2,2,5,3,3,1,1,5,1,0,1,0,0,0,0,0,0,Accept it or move on,0,7,1,,2.75,2.0,Controlled Spenders
2021,18-21,Female,Ug,Rs3000 - Rs6000,4500.0,100% Parents Money,Google Pay (GPay),0,Safety,1-3,3.0,20-40%,30,3,1,1,0,1,0,0,0,1,1,1,1,1,1,1,1,2,0,0,1,1,1,0,0,0,See my expense and feel worse,2,6,1,,1.0,2.0,Controlled Spenders
2022,22-25,Female,Ug,Rs6000+,900.0,Mix of parents + I earn something on the side,PhonePe,1,Comfort,4-7,5.0,<20%,10,3,2,2,0,0,1,0,0,1,3,1,3,2,3,3,3,1,0,1,1,0,0,0,0,0,Return it,0,3,0,,2.375,0.0,Routine Evening Spenders
2023,18-21,Female,Ug,< Rs1000,750.0,100% Parents Money,PhonePe,0,Comfort,1-3,2.0,<20%,10,3,1,2,0,0,1,0,0,3,1,3,2,2,1,2,1,1,0,1,0,0,0,0,0,0,Accept it or move on,1,8,1,,1.875,0.0,Routine Evening Spenders
2024,18-21,Female,Ug,< Rs1000,750.0,100% Parents Money,PhonePe,0,Comfort,1-3,2.0,<20%,10,3,2,2,0,0,0,1,0,5,2,4,3,2,1,1,3,1,1,0,0,0,0,0,0,0,Accept it or move on,2,10,1,,2.625,2.0,Controlled Spenders
2025,22-25,Female,Ug,Rs1000 - Rs3000,3000.0,100% Parents Money,Google Pay (GPay),1,Safety,4-7,5.0,60-80%,70,3,2,1,1,1,1,0,0,1,1,1,1,1,1,1,1,1,0,0,0,0,0,0,1,0,Accept it or move on,0,2,0,,1.0,0.0,Routine Evening Spenders
2026,22-25,Female,Ug,Rs6000+,7000.0,I run a side hustle / freelance / small business,PhonePe,1,Comfort,8-15,15.0,20-40%,30,2,1,2,0,0,1,0,0,1,1,1,1,5,1,1,1,0,0,0,0,0,0,0,1,0,Return it,2,2,0,Recently I purchased a trouser online from UPI and now I regret it because it did not work well.,1.5,0.0,Routine Evening Spenders
2027,18-21,Female,Ug,Rs1000 - Rs3000,3100.0,100% Parents Money,Google Pay (GPay),1,Comfort,8-15,15.0,40-60%,50,2,1,1,0,0,1,0,0,1,4,2,1,2,2,2,2,1,0,0,0,1,1,0,0,0,Accept it or move on,0,4,0,,2.0,0.0,Routine Evening Spenders
2028,18-21,Female,Pg,Rs1000 - Rs3000,3000.0,100% Parents Money,PhonePe,1,Comfort,1-3,3.0,40-60%,50,1,1,3,0,0,1,0,0,1,1,1,1,1,1,1,1,1,1,0,0,0,0,0,0,0,Accept it or move on,0,3,0,,1.0,0.0,Routine Evening Spenders
2029,18-21,Female,Ug,Rs1000 - Rs3000,2000.0,I run a side hustle / freelance / small business,Paytm,1,Convenience,4-7,5.0,40-60%,50,2,2,2,0,0,1,0,0,5,1,1,3,1,1,1,1,1,0,0,1,0,0,0,0,0,Accept it or move on,2,2,0,"None, didnt have enough money after spending on food. No regrets ever for food.",1.75,0.0,Routine Evening Spenders
3000,18-21,Male,Ug,Rs1000 - Rs3000,1500.0,100% Parents Money,Google Pay (GPay),1,Comfort,4-7,5.0,<20%,10,0,0,1,0,0,1,0,0,1,1,1,1,3,2,1,1,0,0,0,0,1,0,0,0,0,Accept it or move on,2,4,0,,1.375,0.0,Routine Evening Spenders
3001,18-21,Male,Ug,Rs1000 - Rs3000,2000.0,100% Parents Money,PhonePe,1,Comfort,15+,18.0,40-60%,50,2,0,1,0,0,1,1,0,2,2,3,1,2,1,1,4,1,1,1,1,0,0,0,0,0,Accept it or move on,2,6,1,,2.0,0.0,Routine Evening Spenders
3002,18-21,Female,Ug,Rs3000 - Rs6000,2231.0,100% Parents Money,PhonePe,1,Comfort,15+,20.0,40-60%,50,1,1,3,0,0,1,1,1,4,5,5,4,4,3,2,5,4,1,1,1,0,0,0,0,0,See my expense and feel worse,2,8,1,I bought two of trousers from mall after seeing buy two and get 200 off,4.0,1.0,High Impulsive Spenders
3003,18-21,Female,Ug,Rs1000 - Rs3000,2000.0,100% Parents Money,PhonePe,0,Comfort,4-7,5.0,20-40%,30,0,0,0,1,1,1,0,0,1,1,1,1,1,3,3,2,1,1,1,0,0,0,1,1,0,Accept it or move on,0,3,0,,1.625,0.0,Routine Evening Spenders
3004,18-21,Male,Ug,Rs1000 - Rs3000,1200.0,100% Parents Money,Google Pay (GPay),1,Safety,4-7,6.0,20-40%,30,1,2,0,0,0,1,0,0,3,4,3,1,4,1,1,1,1,0,0,0,0,0,0,1,0,Accept it or move on,2,3,0,"Snacks for this weekend to eat and chill watching ""stuff"". I don't usually spend much, but I do think twice (hesitant) before most of the unnecessary payments I do. Nothing specific madee click pay, I just went with the impulse.",2.25,0.0,Routine Evening Spenders
3005,18-21,Male,Ug,Rs1000 - Rs3000,1500.0,100% Parents Money,Navi UPI,0,Comfort,4-7,5.0,<20%,10,2,2,1,0,0,1,0,0,1,1,1,2,2,1,1,1,1,1,0,0,0,0,0,0,1,Accept it or move on,2,3,0,,1.25,0.0,Routine Evening Spenders
3006,18-21,Male,Ug,Rs1000 - Rs3000,2000.0,100% Parents Money,Google Pay (GPay),0,Comfort,8-15,12.0,<20%,10,2,2,1,1,0,0,1,0,1,1,1,1,5,1,1,5,1,0,0,0,0,0,0,1,0,Accept it or move on,0,2,0,,2.0,2.0,Controlled Spenders
3007,18-21,Male,Ug,Rs1000 - Rs3000,2000.0,100% Parents Money,Google Pay (GPay),1,Merchant preference,4-7,5.0,40-60%,50,2,1,2,0,1,1,0,0,1,2,1,3,4,1,1,1,2,0,1,0,0,0,0,0,0,Accept it or move on,0,4,0,,1.75,0.0,Routine Evening Spenders
3008,18-21,Male,Ug,Rs3000 - Rs6000,4500.0,100% Parents Money,Google Pay (GPay),0,Comfort,4-7,5.0,<20%,10,2,0,2,0,1,0,0,0,1,1,1,1,1,1,1,3,1,0,0,0,0,0,0,1,0,Accept it or move on,0,2,0,,1.25,2.0,Controlled Spenders
3009,18-21,Male,Ug,Rs3000 - Rs6000,4500.0,100% Parents Money,Paytm,0,Merchant preference,8-15,10.0,<20%,10,2,1,1,0,0,1,0,0,1,3,1,2,1,3,1,2,2,1,0,0,0,0,0,1,0,Accept it or move on,0,1,0,,1.75,0.0,Routine Evening Spenders
3010,Under 18,Male,Ug,Rs3000 - Rs6000,3500.0,100% Parents Money,Google Pay (GPay),1,Merchant preference,15+,24.0,20-40%,30,2,2,2,0,0,1,0,0,1,1,1,2,3,3,1,1,1,1,1,0,0,0,0,1,0,Accept it or move on,2,2,0,Not particular but sometimes i order patties and samosa from my cafe which i can avoid . My hunger forced me to pay,1.625,0.0,Routine Evening Spenders
3011,18-21,Male,Ug,Rs1000 - Rs3000,2000.0,100% Parents Money,Paytm,1,Comfort,8-15,12.0,40-60%,50,1,0,3,0,0,0,1,0,1,2,1,2,1,2,2,2,0,1,0,0,0,0,0,0,0,Buy Something else to feel better,1,3,0,,1.625,2.0,Controlled Spenders
3012,18-21,Male,Ug,Rs1000 - Rs3000,2000.0,100% Parents Money,Paytm,1,Comfort,8-15,12.0,40-60%,50,0,0,3,0,0,0,1,0,1,2,1,2,1,1,2,1,1,1,0,0,0,0,0,0,0,Buy Something else to feel better,1,3,0,,1.375,2.0,Controlled Spenders
3013,18-21,Male,Ug,Rs1000 - Rs3000,1800.0,100% Parents Money,Google Pay (GPay),1,Comfort,1-3,3.0,20-40%,30,0,0,2,0,0,1,0,0,1,1,1,1,3,1,1,1,0,0,0,0,0,0,0,1,0,Accept it or move on,2,1,0,,1.25,0.0,Routine Evening Spenders
3014,18-21,Male,Ug,Rs1000 - Rs3000,2000.0,100% Parents Money,Google Pay (GPay),1,Comfort,4-7,5.0,20-40%,30,0,1,1,0,0,0,1,0,3,3,3,4,2,4,2,4,2,1,1,1,1,0,0,0,0,Accept it or move on,0,6,1,,3.125,2.0,Controlled Spenders
3015,18-21,Female,Ug,< Rs1000,750.0,100% Parents Money,Paytm,1,Merchant preference,1-3,2.0,20-40%,30,2,2,0,0,0,1,0,0,1,1,1,1,1,1,1,1,0,0,0,0,0,0,0,1,0,Accept it or move on,2,1,0,,1.0,0.0,Routine Evening Spenders
3016,Under 18,Female,Ug,< Rs1000,750.0,100% Parents Money,PhonePe,0,Comfort,1-3,2.0,<20%,10,3,2,1,0,0,1,0,0,1,1,1,2,3,1,2,1,1,1,0,0,0,0,0,0,0,Accept it or move on,0,10,1,,1.5,0.0,Routine Evening Spenders
3017,18-21,Male,Ug,Rs3000 - Rs6000,4500.0,100% Parents Money,Google Pay (GPay),1,Comfort,4-7,6.0,<20%,10,3,2,1,0,0,1,0,0,1,1,1,3,1,1,1,1,1,1,1,0,0,0,0,1,0,Accept it or move on,0,3,0,,1.25,0.0,Routine Evening Spenders
3018,18-21,Male,Ug,Rs1000 - Rs3000,2000.0,100% Parents Money,Paytm,1,Safety,4-7,5.0,20-40%,30,1,2,1,0,0,1,1,0,1,1,3,4,3,1,1,4,3,0,0,0,0,0,0,1,0,Accept it or move on,2,7,1,,2.25,0.0,Routine Evening Spenders
3019,18-21,Male,Ug,Rs1000 - Rs3000,2500.0,100% Parents Money,PhonePe,0,Comfort,4-7,7.0,<20%,10,2,2,3,0,0,1,0,0,1,1,1,1,1,1,1,4,1,0,0,0,0,0,0,1,0,See my expense and feel worse,0,7,1,,1.375,0.0,Routine Evening Spenders
3020,18-21,Male,Ug,Rs1000 - Rs3000,2000.0,I have an internship / part-time job,Google Pay (GPay),1,Comfort,15+,28.0,<20%,10,0,0,1,0,0,1,0,0,1,1,1,4,1,1,1,1,2,1,1,0,0,0,0,0,0,Accept it or move on,0,1,0,,1.375,0.0,Routine Evening Spenders
3021,Under 18,Male,Ug,< Rs1000,750.0,100% Parents Money,Bhim UPI,1,Comfort,1-3,2.0,40-60%,50,0,1,0,0,0,1,0,0,1,3,1,1,1,1,1,1,2,1,1,0,0,0,0,1,0,See my expense and feel worse,1,7,1,,1.25,0.0,Routine Evening Spenders
3022,22-25,Male,Pg,Rs6000+,22000.0,I have an internship / part-time job,Cred,1,Comfort,15+,18.0,20-40%,30,1,0,2,0,0,1,0,0,1,1,1,1,2,1,2,2,1,1,0,0,0,0,0,0,0,Accept it or move on,1,4,0,,1.375,0.0,Routine Evening Spenders
3023,22-25,Male,Ug,Rs1000 - Rs3000,2500.0,100% Parents Money,Cred,1,Comfort,4-7,6.0,20-40%,30,3,2,2,0,1,0,1,0,1,3,1,1,2,1,1,5,2,1,1,0,0,0,0,1,0,See my expense and feel worse,2,4,0,"Most of my expense is for food and groceries, I check mess menu. Than I order food from zomato/swiggy/eatsure",1.875,2.0,Controlled Spenders
3024,18-21,Male,Ug,Rs1000 - Rs3000,5000.0,100% Parents Money,Google Pay (GPay),1,Safety,8-15,10.0,20-40%,30,2,1,3,0,0,0,1,0,1,1,1,2,1,1,1,1,1,0,0,1,0,0,0,1,0,Accept it or move on,2,10,1,"on the 1st of April I was purchase two umbrellas of amount 1240, I was thinking that this will be an ocm purchase, but today when I got it and unbox it, I was feeling anxiety to show it to my friends and then me and my who was the partner of another umbrella, we packed it back hand to hand for return without  showing anyone.",1.125,2.0,Controlled Spenders
3025,18-21,Male,Ug,Rs1000 - Rs3000,2100.0,I have an internship / part-time job,PhonePe,0,Comfort,4-7,6.0,40-60%,50,3,1,0,0,0,1,0,0,1,1,1,1,2,1,1,1,2,1,0,0,0,0,0,0,0,Accept it or move on,2,3,0,,1.125,0.0,Routine Evening Spenders
3026,18-21,Male,Ug,< Rs1000,750.0,100% Parents Money,Bhim UPI,1,Convenience,4-7,5.0,<20%,10,0,0,0,0,0,1,0,0,1,1,1,4,1,1,1,1,0,0,0,0,0,0,0,1,0,Accept it or move on,0,3,0,Most of my transactions are ticket bookings !!,1.375,0.0,Routine Evening Spenders
3027,18-21,Male,Ug,Rs3000 - Rs6000,5000.0,Mix of parents + I earn something on the side,Google Pay (GPay),1,Convenience,8-15,12.0,40-60%,50,3,2,0,0,1,1,0,0,1,1,1,1,1,1,1,1,0,1,0,0,0,0,0,0,0,Accept it or move on,0,3,0,,1.0,0.0,Routine Evening Spenders
3028,18-21,Male,Ug,Rs3000 - Rs6000,4000.0,Mix of parents + I earn something on the side,Paytm,1,Merchant preference,8-15,12.0,<20%,10,0,0,0,0,0,1,0,0,1,1,1,1,1,1,1,1,0,1,0,0,0,0,0,1,0,Accept it or move on,0,1,0,,1.0,0.0,Routine Evening Spenders
3029,18-21,Male,Ug,Rs3000 - Rs6000,5500.0,Mix of parents + I earn something on the side,Paytm,1,Comfort,8-15,13.0,20-40%,30,3,1,1,0,0,1,1,0,2,1,3,2,4,3,1,2,1,1,0,0,0,0,1,1,0,Accept it or move on,0,4,0,,2.25,0.0,Routine Evening Spenders
3030,18-21,Male,Ug,Rs1000 - Rs3000,1500.0,Mix of parents + I earn something on the side,Navi UPI,1,Safety,4-7,7.0,40-60%,50,2,2,0,0,0,0,1,0,1,1,1,3,1,3,1,1,0,1,0,0,0,0,0,1,0,See my expense and feel worse,0,7,1,"I did not regret a transaction so much that I remember it, but prolly it must be on food.. all digital transactions except food i make are 100 % preplanned and I never regret them. I am not overspending; I am really happy with my financial status. I have been saving money since I started out and I now have aprx 25000 saved only from my pocket money which I plan to keep going on (Mutual Funds) (my parents dont know about it btw)...Also i dont wish to share my email address",1.5,2.0,Controlled Spenders
3031,Under 18,Male,Ug,Rs6000+,6500.0,100% Parents Money,Navi UPI,1,Comfort,15+,30.0,80%+,90,0,0,3,1,1,1,1,1,1,2,1,4,4,2,2,4,1,1,1,0,0,0,0,1,0,Accept it or move on,2,2,0,,2.5,1.0,High Impulsive Spenders
3032,18-21,Male,Ug,Rs6000+,7000.0,100% Parents Money,Google Pay (GPay),1,Comfort,15+,25.0,80%+,90,0,1,3,1,1,1,1,1,1,2,3,1,3,1,1,3,4,0,0,0,0,0,0,0,0,Buy Something else to feel better,2,1,0,I bought a biryani from one restaurant and I didn’t like it my friend told me not to order again and i didnt I should’ve ordered from another restaurant ,1.875,1.0,High Impulsive Spenders
3033,18-21,Male,Ug,< Rs1000,3000.0,100% Parents Money,Google Pay (GPay),1,Comfort,4-7,5.0,<20%,10,1,2,0,0,0,1,0,0,1,2,1,1,1,1,1,1,0,0,0,0,0,0,0,0,1,Accept it or move on,0,1,0,,1.125,0.0,Routine Evening Spenders
3034,18-21,Male,Ug,< Rs1000,750.0,100% Parents Money,Google Pay (GPay),1,Comfort,4-7,5.0,40-60%,50,2,1,0,0,0,1,1,0,1,1,1,2,2,1,1,3,1,1,0,0,0,0,0,1,0,Accept it or move on,2,3,0,,1.5,0.0,Routine Evening Spenders
3035,18-21,Male,Ug,Rs1000 - Rs3000,2000.0,100% Parents Money,Paytm,1,Safety,15+,18.0,20-40%,30,2,2,0,0,0,1,1,0,1,1,1,1,1,1,1,2,0,1,1,0,0,0,0,1,0,Accept it or move on,0,1,0,,1.125,0.0,Routine Evening Spenders
3036,18-21,Male,Ug,Rs1000 - Rs3000,2000.0,100% Parents Money,Google Pay (GPay),1,Comfort,8-15,12.0,40-60%,50,2,0,2,0,1,0,0,0,1,1,1,3,1,3,1,1,2,0,0,0,0,0,0,1,0,Accept it or move on,1,4,0,,1.5,2.0,Controlled Spenders
3037,22-25,Female,Pg,Rs3000 - Rs6000,4000.0,Mix of parents + I earn something on the side,Google Pay (GPay),1,Comfort,15+,19.0,80%+,90,1,1,1,0,1,1,1,0,1,1,1,2,4,1,1,1,1,1,1,0,1,0,0,1,0,See my expense and feel worse,2,9,1,"I've recently gotten addicted to white sauce/cheesy pastas and I buy it from zomato, blinkit and sometimes njc. It is my guilty pleasure and I keep eating it when I'm sad or depressed and it cheers me up.!",1.5,0.0,Routine Evening Spenders
3038,18-21,Male,Ug,Rs3000 - Rs6000,4500.0,100% Parents Money,Google Pay (GPay),1,Comfort,4-7,5.0,40-60%,50,1,1,3,0,0,1,1,0,1,1,2,3,1,1,1,2,1,1,0,0,0,0,0,0,0,Accept it or move on,0,6,1,,1.5,0.0,Routine Evening Spenders
3039,18-21,Male,Ug,< Rs1000,750.0,100% Parents Money,Google Pay (GPay),0,Comfort,1-3,2.0,<20%,10,0,1,0,0,0,1,0,0,1,4,1,1,1,1,1,1,1,0,0,0,0,0,0,1,0,Accept it or move on,0,6,1,,1.375,0.0,Routine Evening Spenders
3040,18-21,Male,Ug,Rs3000 - Rs6000,5000.0,100% Parents Money,Google Pay (GPay),1,Comfort,8-15,10.0,<20%,10,1,2,1,0,0,1,1,0,1,1,1,1,1,1,1,1,0,1,0,0,0,0,0,1,0,Accept it or move on,2,4,0,,1.0,0.0,Routine Evening Spenders
3041,22-25,Female,Pg,Rs3000 - Rs6000,4500.0,Mix of parents + I earn something on the side,Google Pay (GPay),1,Safety,4-7,5.0,40-60%,50,2,2,1,0,0,1,1,0,1,3,1,1,2,1,1,1,1,1,0,0,0,0,0,1,0,See my expense and feel worse,2,5,0,,1.375,0.0,Routine Evening Spenders
3042,18-21,Female,Ug,< Rs1000,750.0,100% Parents Money,Google Pay (GPay),1,Comfort,1-3,2.0,20-40%,30,2,0,1,0,0,1,0,1,1,1,1,1,1,1,1,1,0,0,0,0,0,0,0,1,1,Tell to friend,0,2,0,,1.0,0.0,Routine Evening Spenders
3043,18-21,Male,Ug,Rs1000 - Rs3000,2000.0,I have an internship / part-time job,Paytm,0,Comfort,8-15,12.0,40-60%,50,2,0,2,0,0,1,0,0,3,2,3,4,5,4,4,4,2,1,1,1,1,1,1,1,1,Buy Something else to feel better,0,5,0,,3.625,0.0,Routine Evening Spenders
3044,18-21,Female,Ug,Rs1000 - Rs3000,2500.0,100% Parents Money,Google Pay (GPay),1,Safety,8-15,11.0,40-60%,50,1,1,2,0,0,1,0,0,1,3,1,2,4,4,1,1,1,1,0,0,0,0,0,0,1,See my expense and feel worse,0,6,1,"umm a recent afternoon food delivery after seeing horrible menu- but the food was quite bad and didn't get to eat satisfactorily either ways really happy before i bought it! the excitement of food made me click ""pay"" ",2.125,0.0,Routine Evening Spenders
3045,18-21,Male,Ug,Rs1000 - Rs3000,2000.0,100% Parents Money,Google Pay (GPay),1,Merchant preference,4-7,6.0,40-60%,50,3,2,1,0,0,1,1,0,1,1,3,2,1,1,1,1,1,1,1,0,0,0,0,0,0,Accept it or move on,2,2,0,,1.375,0.0,Routine Evening Spenders
3046,18-21,Female,Ug,Rs3000 - Rs6000,3700.0,100% Parents Money,Google Pay (GPay),1,Comfort,8-15,12.0,40-60%,50,1,0,0,0,0,0,1,0,2,3,3,2,4,2,3,4,1,1,1,1,0,0,0,1,0,Accept it or move on,1,6,1,I brought a dress that would need an invitation to a royal ball to wear and for it to look good I need to buy more things It came really different than how it should be and return date is gone I have no idea why did i buy it,2.875,2.0,Controlled Spenders
3047,18-21,Male,Ug,Rs3000 - Rs6000,4500.0,100% Parents Money,Navi UPI,1,Comfort,4-7,5.0,20-40%,30,2,2,1,0,1,1,1,0,1,2,1,3,5,2,1,1,0,1,1,1,1,0,0,1,0,Accept it or move on,2,1,0,,2.0,0.0,Routine Evening Spenders
3048,18-21,Male,Ug,Rs1000 - Rs3000,2000.0,100% Parents Money,PhonePe,1,Merchant preference,8-15,12.0,20-40%,30,2,1,1,0,1,1,0,0,1,1,1,1,3,1,1,3,3,0,0,0,0,0,0,1,0,See my expense and feel worse,2,8,1,I purchased two shirts that are too expsenive but I have money in my wallet so it is feel easy to purchace them but after buying them I am feeling regerted till now ,1.5,0.0,Routine Evening Spenders
3049,18-21,Male,Ug,Rs6000+,7000.0,100% Parents Money,Google Pay (GPay),1,Comfort,15+,18.0,60-80%,70,2,0,3,1,1,1,1,1,1,1,1,1,1,1,1,1,4,1,0,0,0,0,0,0,0,Accept it or move on,2,6,1,,1.0,1.0,High Impulsive Spenders
3050,18-21,Male,Ug,Rs1000 - Rs3000,2000.0,100% Parents Money,PhonePe,0,Comfort,4-7,5.0,40-60%,50,2,0,2,0,0,1,0,0,2,2,3,1,1,2,2,2,3,1,0,0,0,0,0,0,0,Tell to friend,0,10,1,,1.875,0.0,Routine Evening Spenders
3051,18-21,Male,Ug,Rs1000 - Rs3000,2000.0,100% Parents Money,Bhim UPI,1,Comfort,4-7,4.0,20-40%,30,1,0,0,0,1,0,0,0,1,1,1,2,5,1,4,5,0,0,0,0,0,0,0,1,0,Accept it or move on,0,1,0,,2.5,2.0,Controlled Spenders
3052,18-21,Male,Ug,< Rs1000,1000.0,100% Parents Money,Paytm,0,Comfort,4-7,5.0,20-40%,30,0,2,0,0,0,1,0,0,5,2,5,5,5,2,1,2,3,1,0,0,0,0,0,0,0,Buy Something else to feel better,2,8,1,,3.375,0.0,Routine Evening Spenders
3053,18-21,Male,Ug,Rs1000 - Rs3000,1700.0,100% Parents Money,Google Pay (GPay),1,Convenience,15+,18.0,60-80%,70,1,1,2,0,0,1,1,0,5,1,5,1,3,1,1,4,4,0,0,0,1,0,0,0,1,Accept it or move on,2,5,0,,2.625,0.0,Routine Evening Spenders
4000,18-21,Male,Ug,Rs1000 - Rs3000,3000.0,100% Parents Money,Paytm,1,Convenience,4-7,5.0,40-60%,50,2,1,3,0,0,1,0,0,2,1,4,2,1,1,1,3,4,1,0,0,0,0,0,1,1,Return it,2,9,1,Coldrinks and icecrean orders by,1.875,0.0,Routine Evening Spenders
4001,18-21,Male,Ug,Rs1000 - Rs3000,2000.0,100% Parents Money,PayZapp,0,Convenience,4-7,6.0,40-60%,50,2,1,0,0,0,1,0,0,1,1,2,1,1,1,1,1,1,1,0,1,1,1,0,0,0,Accept it or move on,0,4,0,,1.125,0.0,Routine Evening Spenders
4002,18-21,Male,Ug,Rs3000 - Rs6000,5500.0,100% Parents Money,Google Pay (GPay),1,Convenience,4-7,5.0,80%+,90,2,1,3,0,0,1,1,1,5,1,1,1,1,1,1,5,1,0,0,0,1,0,1,0,1,Accept it or move on,2,9,1,Crunchyroll Mega fan subscription. I was feeling frustrated from midsems and vented by buying the subscription.,2.0,1.0,High Impulsive Spenders
4003,18-21,Male,Ug,Rs3000 - Rs6000,5000.0,100% Parents Money,Paytm,1,Comfort,8-15,15.0,40-60%,50,0,2,2,0,0,1,1,0,1,1,1,3,1,1,1,4,1,1,1,0,0,0,0,0,0,Accept it or move on,2,4,0,,1.625,0.0,Routine Evening Spenders
4004,18-21,Male,Ug,Rs3000 - Rs6000,5669.0,100% Parents Money,Google Pay (GPay),1,Comfort,15+,34.0,40-60%,50,1,2,2,0,0,1,0,0,1,1,1,1,2,1,1,3,4,1,0,0,0,0,0,0,0,See my expense and feel worse,2,7,1,,1.375,0.0,Routine Evening Spenders
4005,18-21,Male,Ug,Rs6000+,8000.0,100% Parents Money,PhonePe,1,Comfort,8-15,12.0,20-40%,30,2,1,2,0,0,0,1,0,1,2,1,2,1,3,2,1,1,0,0,0,0,0,1,1,0,See my expense and feel worse,0,4,0,Leaf buds and headphones,1.625,2.0,Controlled Spenders
4006,18-21,Male,Ug,Rs1000 - Rs3000,2000.0,100% Parents Money,PhonePe,1,Comfort,8-15,12.0,20-40%,30,2,1,1,0,0,1,0,0,1,1,1,1,1,1,1,1,1,0,1,0,0,0,0,1,0,Accept it or move on,0,7,1,,1.0,0.0,Routine Evening Spenders
4007,18-21,Male,Ug,Rs3000 - Rs6000,4000.0,Mix of parents + I earn something on the side,Navi UPI,1,Comfort,8-15,10.0,40-60%,50,1,2,1,0,0,0,1,0,1,1,1,1,1,1,1,3,1,0,0,0,0,0,0,1,0,Accept it or move on,0,2,0,,1.25,2.0,Controlled Spenders
4008,Under 18,Male,Ug,< Rs1000,500.0,100% Parents Money,Fampay,0,Merchant preference,8-15,9.0,40-60%,50,2,2,0,0,0,1,1,0,1,1,1,1,1,1,1,3,1,0,0,0,0,0,0,1,0,Accept it or move on,1,4,0,,1.25,0.0,Routine Evening Spenders
